{"cameraMode":{"drawMode":0,"name":"Shaded","section":"Shading Mode"},"sceneLighting":true,"audioPlay":false,"sceneViewState":{"showFog":true,"showMaterialUpdate":false,"showSkybox":true,"showFlares":true,"showImageEffects":true,"showParticleSystems":true},"in2DMode":false,"pivot":{"x":-0.32886362075805666,"y":0.8978257179260254,"z":0.664264440536499},"rotation":{"x":0.15718555450439454,"y":0.7458531260490418,"z":0.18940778076648713,"w":-0.6189695596694946},"size":3.080719470977783,"orthographic":false}